Unnamed: 0,code,model,ram,cpu,gpu,price,cpu_brand,cpu_family,cpu_suffix,cpu_performance,gpu_type,vram,gpu_model,gpu_performance,laptop_category,cpu_score,gpu_score,ram_score,cpu_match,ram_match,gpu_match,match_score,budget_fit,budget_score,software_score,final_score,brand,brand_score,type_score,cpu_match_score,ram_match_score,gpu_match_score,hardware_score,cpu_generation,cpu_score_new,gpu_score_new,requirement_match_score,budget_status,budget_reason,cpu_reason,gpu_reason,ram_reason,reasons
,1,HP EliteBook 840 G5,16,i5-8350U,Intel UHD 620,15000.0,Intel,i5,U,Standard,Integrated,,Intel UHD 620,Basic,Business / Professional,55,50,2.0,True,True,True,100.0,True,87.5,22.22222222222222,77.67576923076923,HP,100.0,100.0,70.0,100.0,0.0,64.5,8.0,55.0,50.0,78.22393162393162,Within Budget,"Within budget — saves 5,000 EGP",Basic CPU performance,Basic GPU performance,16GB RAM meets the recommended requirement,"['Within budget — saves 5,000 EGP', 'Basic CPU performance', 'Basic GPU performance', '16GB RAM meets the recommended requirement', 'Suitable for Data Science & AI, Business & Analytics, Programming']"
,2,Dell Latitude 5490,16,i5-8350U,Intel UHD 620,15000.0,Intel,i5,U,Standard,Integrated,,Intel UHD 620,Basic,Business / Professional,55,50,2.0,True,True,True,100.0,True,87.5,22.22222222222222,77.67576923076923,Dell,100.0,100.0,70.0,100.0,0.0,64.5,8.0,55.0,50.0,78.22393162393162,Within Budget,"Within budget — saves 5,000 EGP",Basic CPU performance,Basic GPU performance,16GB RAM meets the recommended requirement,"['Within budget — saves 5,000 EGP', 'Basic CPU performance', 'Basic GPU performance', '16GB RAM meets the recommended requirement', 'Suitable for Data Science & AI, Business & Analytics, Programming']"
,3,Lenovo ThinkPad T480,16,i5-8350U,Intel UHD 620,15500.0,Intel,i5,U,Standard,Integrated,,Intel UHD 620,Basic,Business / Professional,55,50,2.0,True,True,True,100.0,True,88.75,22.22222222222222,77.86326923076923,Lenovo,100.0,100.0,70.0,100.0,0.0,64.5,8.0,55.0,50.0,78.22393162393162,Within Budget,"Within budget — saves 4,500 EGP",Basic CPU performance,Basic GPU performance,16GB RAM meets the recommended requirement,"['Within budget — saves 4,500 EGP', 'Basic CPU performance', 'Basic GPU performance', '16GB RAM meets the recommended requirement', 'Suitable for Data Science & AI, Business & Analytics, Programming']"
,4,HP ProBook 450 G6,16,i5-8265U,Intel UHD 620,15500.0,Intel,i5,U,Standard,Integrated,,Intel UHD 620,Basic,Business / Professional,56,50,2.0,True,True,True,100.0,True,88.75,22.22222222222222,78.20726923076924,HP,100.0,100.0,70.0,100.0,0.0,64.9,8.0,56.0,50.0,78.7217094017094,Within Budget,"Within budget — saves 4,500 EGP",Basic CPU performance,Basic GPU performance,16GB RAM meets the recommended requirement,"['Within budget — saves 4,500 EGP', 'Basic CPU performance', 'Basic GPU performance', '16GB RAM meets the recommended requirement', 'Suitable for Data Science & AI, Business & Analytics, Programming']"
,5,Dell Latitude 5400,16,i5-8265U,Intel UHD 620,16000.0,Intel,i5,U,Standard,Integrated,,Intel UHD 620,Basic,Business / Professional,56,50,2.0,True,True,True,100.0,True,90.0,22.22222222222222,78.39476923076924,Dell,100.0,100.0,70.0,100.0,0.0,64.9,8.0,56.0,50.0,78.7217094017094,Within Budget,"Within budget — saves 4,000 EGP",Basic CPU performance,Basic GPU performance,16GB RAM meets the recommended requirement,"['Within budget — saves 4,000 EGP', 'Basic CPU performance', 'Basic GPU performance', '16GB RAM meets the recommended requirement', 'Suitable for Data Science & AI, Business & Analytics, Programming']"
,6,Lenovo ThinkPad T490,16,i5-8265U,Intel UHD 620,16000.0,Intel,i5,U,Standard,Integrated,,Intel UHD 620,Basic,Business / Professional,56,50,2.0,True,True,True,100.0,True,90.0,22.22222222222222,78.39476923076924,Lenovo,100.0,100.0,70.0,100.0,0.0,64.9,8.0,56.0,50.0,78.7217094017094,Within Budget,"Within budget — saves 4,000 EGP",Basic CPU performance,Basic GPU performance,16GB RAM meets the recommended requirement,"['Within budget — saves 4,000 EGP', 'Basic CPU performance', 'Basic GPU performance', '16GB RAM meets the recommended requirement', 'Suitable for Data Science & AI, Business & Analytics, Programming']"
,7,HP EliteBook 840 G6,16,i5-8365U,Intel UHD 620,16500.0,Intel,i5,U,Standard,Integrated,,Intel UHD 620,Basic,Business / Professional,58,50,2.0,True,True,True,100.0,True,91.25,22.22222222222222,79.27026923076923,HP,100.0,100.0,70.0,100.0,0.0,65.7,8.0,58.0,50.0,79.71726495726496,Within Budget,"Within budget — saves 3,500 EGP",Basic CPU performance,Basic GPU performance,16GB RAM meets the recommended requirement,"['Within budget — saves 3,500 EGP', 'Basic CPU performance', 'Basic GPU performance', '16GB RAM meets the recommended requirement', 'Suitable for Data Science & AI, Business & Analytics, Programming']"
,8,Dell Latitude 5410,16,i5-10310U,Intel UHD,16500.0,Intel,i5,U,Standard,Integrated,,Intel UHD,Basic,Business / Professional,64,55,2.0,True,True,True,100.0,True,91.25,22.22222222222222,81.99234615384616,Dell,100.0,100.0,70.0,100.0,0.0,69.85,10.0,64.0,55.0,82.99965811965812,Within Budget,"Within budget — saves 3,500 EGP",Basic CPU performance,Basic GPU performance,16GB RAM meets the recommended requirement,"['Within budget — saves 3,500 EGP', 'Basic CPU performance', 'Basic GPU performance', '16GB RAM meets the recommended requirement', 'Suitable for Data Science & AI, Business & Analytics, Programming']"
,9,Lenovo ThinkPad T14 Gen 1,16,i5-10210U,Intel UHD,17000.0,Intel,i5,U,Standard,Integrated,,Intel UHD,Basic,Business / Professional,62,55,2.0,True,True,True,100.0,True,92.5,22.22222222222222,81.69184615384616,Lenovo,100.0,100.0,70.0,100.0,0.0,69.05,10.0,62.0,55.0,82.44854700854701,Within Budget,"Within budget — saves 3,000 EGP",Basic CPU performance,Basic GPU performance,16GB RAM meets the recommended requirement,"['Within budget — saves 3,000 EGP', 'Basic CPU performance', 'Basic GPU performance', '16GB RAM meets the recommended requirement', 'Suitable for Data Science & AI, Business & Analytics, Programming']"
,10,HP ZBook Firefly 14 G7,16,i5-10310U,Intel UHD,17000.0,Intel,i5,U,Standard,Integrated,,Intel UHD,Basic,Business / Professional,64,55,2.0,True,True,True,100.0,True,92.5,22.22222222222222,82.17984615384616,HP,100.0,100.0,70.0,100.0,0.0,69.85,10.0,64.0,55.0,82.99965811965812,Within Budget,"Within budget — saves 3,000 EGP",Basic CPU performance,Basic GPU performance,16GB RAM meets the recommended requirement,"['Within budget — saves 3,000 EGP', 'Basic CPU performance', 'Basic GPU performance', '16GB RAM meets the recommended requirement', 'Suitable for Data Science & AI, Business & Analytics, Programming']"
,11,Dell Latitude 5410,16,i5-10310U,Intel UHD,17500.0,Intel,i5,U,Standard,Integrated,,Intel UHD,Basic,Business / Professional,64,55,2.0,True,True,True,100.0,True,93.75,22.22222222222222,82.36734615384616,Dell,100.0,100.0,70.0,100.0,0.0,69.85,10.0,64.0,55.0,82.99965811965812,Within Budget,"Within budget — saves 2,500 EGP",Basic CPU performance,Basic GPU performance,16GB RAM meets the recommended requirement,"['Within budget — saves 2,500 EGP', 'Basic CPU performance', 'Basic GPU performance', '16GB RAM meets the recommended requirement', 'Suitable for Data Science & AI, Business & Analytics, Programming']"
,12,Lenovo ThinkPad T14 Gen 1,16,Ryzen 5 Pro 4650U,Radeon,17500.0,AMD,Ryzen 5,U,Standard,Integrated,,Radeon,Standard,Business / Professional,65,68,2.0,True,True,True,100.0,True,93.75,33.33333333333333,85.2585,Lenovo,100.0,100.0,70.0,100.0,70.0,74.8,4.0,65.0,68.0,86.12444444444445,Within Budget,"Within budget — saves 2,500 EGP",Decent CPU performance,Decent GPU performance,16GB RAM meets the recommended requirement,"['Within budget — saves 2,500 EGP', 'Decent CPU performance', 'Decent GPU performance', '16GB RAM meets the recommended requirement', 'Suitable for Data Science & AI, Business & Analytics, Programming']"
,13,HP ZBook Firefly 14 G7,16,i5-1135G7,Iris Xe,18000.0,Intel,i5,G,Standard,Integrated,,Iris Xe,Standard,Business / Professional,68,68,2.0,True,True,True,100.0,True,95.0,33.33333333333333,86.17800000000001,HP,100.0,100.0,50.0,100.0,70.0,76.0,11.0,68.0,68.0,86.95111111111112,Within Budget,"Within budget — saves 2,000 EGP",Decent CPU performance,Decent GPU performance,16GB RAM meets the recommended requirement,"['Within budget — saves 2,000 EGP', 'Decent CPU performance', 'Decent GPU performance', '16GB RAM meets the recommended requirement', 'Suitable for Data Science & AI, Business & Analytics, Programming']"
,14,Dell Latitude 5420,16,i5-1145G7,Iris Xe,18000.0,Intel,i5,G,Standard,Integrated,,Iris Xe,Standard,Business / Professional,70,68,2.0,True,True,True,100.0,True,95.0,33.33333333333333,86.666,Dell,100.0,100.0,50.0,100.0,70.0,76.8,11.0,70.0,68.0,87.50222222222222,Within Budget,"Within budget — saves 2,000 EGP",Decent CPU performance,Decent GPU performance,16GB RAM meets the recommended requirement,"['Within budget — saves 2,000 EGP', 'Decent CPU performance', 'Decent GPU performance', '16GB RAM meets the recommended requirement', 'Suitable for Data Science & AI, Business & Analytics, Programming']"
,15,Lenovo ThinkPad T14 Gen 2,16,i5-1135G7,Iris Xe,18500.0,Intel,i5,G,Standard,Integrated,,Iris Xe,Standard,Business / Professional,68,68,2.0,True,True,True,100.0,True,96.25,33.33333333333333,86.36550000000001,Lenovo,100.0,100.0,50.0,100.0,70.0,76.0,11.0,68.0,68.0,86.95111111111112,Within Budget,"Within budget — saves 1,500 EGP",Decent CPU performance,Decent GPU performance,16GB RAM meets the recommended requirement,"['Within budget — saves 1,500 EGP', 'Decent CPU performance', 'Decent GPU performance', '16GB RAM meets the recommended requirement', 'Suitable for Data Science & AI, Business & Analytics, Programming']"
,16,HP EliteBook 845 G8,16,Ryzen 5 Pro 5650U,Radeon,18500.0,AMD,Ryzen 5,U,Standard,Integrated,,Radeon,Standard,Business / Professional,72,68,2.0,True,True,True,100.0,True,96.25,33.33333333333333,87.3415,HP,100.0,100.0,70.0,100.0,70.0,77.6,5.0,72.0,68.0,88.05333333333334,Within Budget,"Within budget — saves 1,500 EGP",Decent CPU performance,Decent GPU performance,16GB RAM meets the recommended requirement,"['Within budget — saves 1,500 EGP', 'Decent CPU performance', 'Decent GPU performance', '16GB RAM meets the recommended requirement', 'Suitable for Data Science & AI, Business & Analytics, Programming']"
,17,Dell Latitude 5420,16,i7-1185G7,Iris Xe,19000.0,Intel,i7,G,Standard,Integrated,,Iris Xe,Standard,Business / Professional,78,68,2.0,True,True,True,100.0,True,97.5,33.33333333333333,88.94500000000001,Dell,100.0,100.0,50.0,100.0,70.0,80.0,11.0,78.0,68.0,89.60000000000001,Within Budget,"Within budget — saves 1,000 EGP",Good CPU performance,Decent GPU performance,16GB RAM meets the recommended requirement,"['Within budget — saves 1,000 EGP', 'Good CPU performance', 'Decent GPU performance', '16GB RAM meets the recommended requirement', 'Suitable for Data Science & AI, Business & Analytics, Programming']"
,18,Lenovo ThinkPad T14 Gen 2,16,i7-1165G7,Iris Xe,19000.0,Intel,i7,G,Standard,Integrated,,Iris Xe,Standard,Business / Professional,76,68,2.0,True,True,True,100.0,True,97.5,33.33333333333333,88.489,Lenovo,100.0,100.0,50.0,100.0,70.0,79.2,11.0,76.0,68.0,89.12,Within Budget,"Within budget — saves 1,000 EGP",Good CPU performance,Decent GPU performance,16GB RAM meets the recommended requirement,"['Within budget — saves 1,000 EGP', 'Good CPU performance', 'Decent GPU performance', '16GB RAM meets the recommended requirement', 'Suitable for Data Science & AI, Business & Analytics, Programming']"
,19,HP EliteBook 840 G8,16,i5-1145G7,Iris Xe,19500.0,Intel,i5,G,Standard,Integrated,,Iris Xe,Standard,Business / Professional,70,68,2.0,True,True,True,100.0,True,98.75,33.33333333333333,87.2285,HP,100.0,100.0,50.0,100.0,70.0,76.8,11.0,70.0,68.0,87.50222222222222,Within Budget,Within budget — saves 500 EGP,Decent CPU performance,Decent GPU performance,16GB RAM meets the recommended requirement,"['Within budget — saves 500 EGP', 'Decent CPU performance', 'Decent GPU performance', '16GB RAM meets the recommended requirement', 'Suitable for Data Science & AI, Business & Analytics, Programming']"
,20,HP ProBook 640 G8,16,i5-1135G7,Iris Xe,19500.0,Intel,i5,G,Standard,Integrated,,Iris Xe,Standard,Business / Professional,68,68,2.0,True,True,True,100.0,True,98.75,33.33333333333333,86.74050000000001,HP,100.0,100.0,50.0,100.0,70.0,76.0,11.0,68.0,68.0,86.95111111111112,Within Budget,Within budget — saves 500 EGP,Decent CPU performance,Decent GPU performance,16GB RAM meets the recommended requirement,"['Within budget — saves 500 EGP', 'Decent CPU performance', 'Decent GPU performance', '16GB RAM meets the recommended requirement', 'Suitable for Data Science & AI, Business & Analytics, Programming']"
,21,Dell Latitude 5430,16,i5-1245U,Iris Xe,20000.0,Intel,i5,U,Standard,Integrated,,Iris Xe,Standard,Business / Professional,76,68,2.0,True,True,True,100.0,True,100.0,33.33333333333333,88.864,Dell,100.0,100.0,70.0,100.0,70.0,79.2,12.0,76.0,68.0,89.12,Within Budget,Exactly within your budget,Good CPU performance,Decent GPU performance,16GB RAM meets the recommended requirement,"['Exactly within your budget', 'Good CPU performance', 'Decent GPU performance', '16GB RAM meets the recommended requirement', 'Suitable for Data Science & AI, Business & Analytics, Programming']"
,22,Lenovo ThinkPad T14 Gen 3,16,i5-1235U,Iris Xe,20000.0,Intel,i5,U,Standard,Integrated,,Iris Xe,Standard,Business / Professional,74,68,2.0,True,True,True,100.0,True,100.0,33.33333333333333,88.392,Lenovo,100.0,100.0,70.0,100.0,70.0,78.4,12.0,74.0,68.0,88.60444444444444,Within Budget,Exactly within your budget,Decent CPU performance,Decent GPU performance,16GB RAM meets the recommended requirement,"['Exactly within your budget', 'Decent CPU performance', 'Decent GPU performance', '16GB RAM meets the recommended requirement', 'Suitable for Data Science & AI, Business & Analytics, Programming']"
,23,HP EliteBook 845 G8,16,Ryzen 7 Pro 5850U,Radeon,20500.0,AMD,Ryzen 7,U,Standard,Integrated,,Radeon,Standard,Business / Professional,78,68,2.0,True,True,True,100.0,False,0.0,33.33333333333333,74.32000000000001,HP,100.0,100.0,85.0,100.0,70.0,80.0,5.0,78.0,68.0,89.60000000000001,Over Budget,Over budget,Good CPU performance,Decent GPU performance,16GB RAM meets the recommended requirement,"['Good CPU performance', 'Decent GPU performance', '16GB RAM meets the recommended requirement', 'Suitable for Data Science & AI, Business & Analytics, Programming']"
,24,Dell Latitude 5430,16,i7-1255U,Iris Xe,21000.0,Intel,i7,U,Standard,Integrated,,Iris Xe,Standard,Business / Professional,82,68,2.0,True,True,True,100.0,False,0.0,33.33333333333333,75.232,Dell,100.0,100.0,85.0,100.0,70.0,81.6,12.0,82.0,68.0,90.56,Over Budget,Over budget,Good CPU performance,Decent GPU performance,16GB RAM meets the recommended requirement,"['Good CPU performance', 'Decent GPU performance', '16GB RAM meets the recommended requirement', 'Suitable for Data Science & AI, Business & Analytics, Programming']"
,25,Lenovo ThinkPad T14 Gen 3,16,i7-1255U,Iris Xe,21000.0,Intel,i7,U,Standard,Integrated,,Iris Xe,Standard,Business / Professional,82,68,2.0,True,True,True,100.0,False,0.0,33.33333333333333,75.232,Lenovo,100.0,100.0,85.0,100.0,70.0,81.6,12.0,82.0,68.0,90.56,Over Budget,Over budget,Good CPU performance,Decent GPU performance,16GB RAM meets the recommended requirement,"['Good CPU performance', 'Decent GPU performance', '16GB RAM meets the recommended requirement', 'Suitable for Data Science & AI, Business & Analytics, Programming']"
,26,HP ProBook 640 G9,16,i5-1235U,Iris Xe,21500.0,Intel,i5,U,Standard,Integrated,,Iris Xe,Standard,Business / Professional,74,68,2.0,True,True,True,100.0,False,0.0,33.33333333333333,73.392,HP,100.0,100.0,70.0,100.0,70.0,78.4,12.0,74.0,68.0,88.60444444444444,Over Budget,Over budget,Decent CPU performance,Decent GPU performance,16GB RAM meets the recommended requirement,"['Decent CPU performance', 'Decent GPU performance', '16GB RAM meets the recommended requirement', 'Suitable for Data Science & AI, Business & Analytics, Programming']"
,27,Dell Latitude 5430,16,i5-1245U,Iris Xe,22000.0,Intel,i5,U,Standard,Integrated,,Iris Xe,Standard,Business / Professional,76,68,2.0,True,True,True,100.0,False,0.0,33.33333333333333,73.864,Dell,100.0,100.0,70.0,100.0,70.0,79.2,12.0,76.0,68.0,89.12,Over Budget,Over budget,Good CPU performance,Decent GPU performance,16GB RAM meets the recommended requirement,"['Good CPU performance', 'Decent GPU performance', '16GB RAM meets the recommended requirement', 'Suitable for Data Science & AI, Business & Analytics, Programming']"
,28,Lenovo ThinkPad E14 Gen 4,16,i5-1235U,Iris Xe,22000.0,Intel,i5,U,Standard,Integrated,,Iris Xe,Standard,Business / Professional,74,68,2.0,True,True,True,100.0,False,0.0,33.33333333333333,73.392,Lenovo,100.0,100.0,70.0,100.0,70.0,78.4,12.0,74.0,68.0,88.60444444444444,Over Budget,Over budget,Decent CPU performance,Decent GPU performance,16GB RAM meets the recommended requirement,"['Decent CPU performance', 'Decent GPU performance', '16GB RAM meets the recommended requirement', 'Suitable for Data Science & AI, Business & Analytics, Programming']"
,29,HP EliteBook 840 G9,16,i5-1245U,Iris Xe,22500.0,Intel,i5,U,Standard,Integrated,,Iris Xe,Standard,Business / Professional,76,68,2.0,True,True,True,100.0,False,0.0,33.33333333333333,73.864,HP,100.0,100.0,70.0,100.0,70.0,79.2,12.0,76.0,68.0,89.12,Over Budget,Over budget,Good CPU performance,Decent GPU performance,16GB RAM meets the recommended requirement,"['Good CPU performance', 'Decent GPU performance', '16GB RAM meets the recommended requirement', 'Suitable for Data Science & AI, Business & Analytics, Programming']"
,30,Dell Latitude 5440,16,i5-1335U,Iris Xe,23000.0,Intel,i5,U,Standard,Integrated,,Iris Xe,Standard,Business / Professional,80,68,2.0,True,True,True,100.0,False,0.0,33.33333333333333,74.776,Dell,100.0,100.0,70.0,100.0,70.0,80.8,13.0,80.0,68.0,90.07999999999998,Over Budget,Over budget,Good CPU performance,Decent GPU performance,16GB RAM meets the recommended requirement,"['Good CPU performance', 'Decent GPU performance', '16GB RAM meets the recommended requirement', 'Suitable for Data Science & AI, Business & Analytics, Programming']"
,31,Lenovo ThinkPad E14 Gen 5,16,i5-1335U,Iris Xe,23000.0,Intel,i5,U,Standard,Integrated,,Iris Xe,Standard,Business / Professional,80,68,2.0,True,True,True,100.0,False,0.0,33.33333333333333,74.776,Lenovo,100.0,100.0,70.0,100.0,70.0,80.8,13.0,80.0,68.0,90.07999999999998,Over Budget,Over budget,Good CPU performance,Decent GPU performance,16GB RAM meets the recommended requirement,"['Good CPU performance', 'Decent GPU performance', '16GB RAM meets the recommended requirement', 'Suitable for Data Science & AI, Business & Analytics, Programming']"
,32,HP ProBook 440 G9,16,i5-1235U,Iris Xe,23500.0,Intel,i5,U,Standard,Integrated,,Iris Xe,Standard,Business / Professional,74,68,2.0,True,True,True,100.0,False,0.0,33.33333333333333,73.392,HP,100.0,100.0,70.0,100.0,70.0,78.4,12.0,74.0,68.0,88.60444444444444,Over Budget,Over budget,Decent CPU performance,Decent GPU performance,16GB RAM meets the recommended requirement,"['Decent CPU performance', 'Decent GPU performance', '16GB RAM meets the recommended requirement', 'Suitable for Data Science & AI, Business & Analytics, Programming']"
,33,Dell Vostro 3520,16,i5-1235U,Iris Xe,24000.0,Intel,i5,U,Standard,Integrated,,Iris Xe,Standard,Mainstream / Student,74,68,2.0,True,True,True,100.0,False,0.0,33.33333333333333,73.392,Dell,100.0,100.0,70.0,100.0,70.0,78.4,12.0,74.0,68.0,88.60444444444444,Over Budget,Over budget,Decent CPU performance,Decent GPU performance,16GB RAM meets the recommended requirement,"['Decent CPU performance', 'Decent GPU performance', '16GB RAM meets the recommended requirement', 'Suitable for Data Science & AI, Business & Analytics, Programming']"
,34,Lenovo IdeaPad 3 15IAU7,16,i5-1235U,Iris Xe,24000.0,Intel,i5,U,Standard,Integrated,,Iris Xe,Standard,Mainstream / Student,74,68,2.0,True,True,True,100.0,False,0.0,33.33333333333333,73.392,Lenovo,100.0,100.0,70.0,100.0,70.0,78.4,12.0,74.0,68.0,88.60444444444444,Over Budget,Over budget,Decent CPU performance,Decent GPU performance,16GB RAM meets the recommended requirement,"['Decent CPU performance', 'Decent GPU performance', '16GB RAM meets the recommended requirement', 'Suitable for Data Science & AI, Business & Analytics, Programming']"
,35,HP 15s,16,i5-1235U,Iris Xe,24500.0,Intel,i5,U,Standard,Integrated,,Iris Xe,Standard,Mainstream / Student,74,68,2.0,True,True,True,100.0,False,0.0,33.33333333333333,73.392,HP,100.0,100.0,70.0,100.0,70.0,78.4,12.0,74.0,68.0,88.60444444444444,Over Budget,Over budget,Decent CPU performance,Decent GPU performance,16GB RAM meets the recommended requirement,"['Decent CPU performance', 'Decent GPU performance', '16GB RAM meets the recommended requirement', 'Suitable for Data Science & AI, Business & Analytics, Programming']"
,36,Dell Vostro 3520,16,i7-1255U,Iris Xe,25000.0,Intel,i7,U,Standard,Integrated,,Iris Xe,Standard,Mainstream / Student,82,68,2.0,True,True,True,100.0,False,0.0,33.33333333333333,75.232,Dell,100.0,100.0,85.0,100.0,70.0,81.6,12.0,82.0,68.0,90.56,Over Budget,Over budget,Good CPU performance,Decent GPU performance,16GB RAM meets the recommended requirement,"['Good CPU performance', 'Decent GPU performance', '16GB RAM meets the recommended requirement', 'Suitable for Data Science & AI, Business & Analytics, Programming']"
,37,Lenovo IdeaPad Slim 3,16,i5-13420H,Intel UHD,25500.0,Intel,i5,H,High,Integrated,,Intel UHD,Basic,Mainstream / Student,85,55,2.0,True,True,True,100.0,False,0.0,33.33333333333333,73.26884615384616,Lenovo,100.0,100.0,85.0,100.0,0.0,78.25,13.0,85.0,55.0,88.43076923076923,Over Budget,Over budget,Strong CPU performance,Basic GPU performance,16GB RAM meets the recommended requirement,"['Strong CPU performance', 'Basic GPU performance', '16GB RAM meets the recommended requirement', 'Suitable for Data Science & AI, Business & Analytics, Programming']"
,38,HP ProBook 450 G9,16,i5-1235U,Iris Xe,25500.0,Intel,i5,U,Standard,Integrated,,Iris Xe,Standard,Business / Professional,74,68,2.0,True,True,True,100.0,False,0.0,33.33333333333333,73.392,HP,100.0,100.0,70.0,100.0,70.0,78.4,12.0,74.0,68.0,88.60444444444444,Over Budget,Over budget,Decent CPU performance,Decent GPU performance,16GB RAM meets the recommended requirement,"['Decent CPU performance', 'Decent GPU performance', '16GB RAM meets the recommended requirement', 'Suitable for Data Science & AI, Business & Analytics, Programming']"
,39,Dell Inspiron 3520,16,i5-1235U,Iris Xe,26000.0,Intel,i5,U,Standard,Integrated,,Iris Xe,Standard,Mainstream / Student,74,68,2.0,True,True,True,100.0,False,0.0,33.33333333333333,73.392,Dell,100.0,100.0,70.0,100.0,70.0,78.4,12.0,74.0,68.0,88.60444444444444,Over Budget,Over budget,Decent CPU performance,Decent GPU performance,16GB RAM meets the recommended requirement,"['Decent CPU performance', 'Decent GPU performance', '16GB RAM meets the recommended requirement', 'Suitable for Data Science & AI, Business & Analytics, Programming']"
,40,Lenovo ThinkBook 15 G4,16,i5-1235U,Iris Xe,26000.0,Intel,i5,U,Standard,Integrated,,Iris Xe,Standard,Mainstream / Student,74,68,2.0,True,True,True,100.0,False,0.0,33.33333333333333,73.392,Lenovo,100.0,100.0,70.0,100.0,70.0,78.4,12.0,74.0,68.0,88.60444444444444,Over Budget,Over budget,Decent CPU performance,Decent GPU performance,16GB RAM meets the recommended requirement,"['Decent CPU performance', 'Decent GPU performance', '16GB RAM meets the recommended requirement', 'Suitable for Data Science & AI, Business & Analytics, Programming']"
,41,HP 250 G9,16,i5-1235U,Iris Xe,26000.0,Intel,i5,U,Standard,Integrated,,Iris Xe,Standard,Mainstream / Student,74,68,2.0,True,True,True,100.0,False,0.0,33.33333333333333,73.392,HP,100.0,100.0,70.0,100.0,70.0,78.4,12.0,74.0,68.0,88.60444444444444,Over Budget,Over budget,Decent CPU performance,Decent GPU performance,16GB RAM meets the recommended requirement,"['Decent CPU performance', 'Decent GPU performance', '16GB RAM meets the recommended requirement', 'Suitable for Data Science & AI, Business & Analytics, Programming']"
,42,Dell Inspiron 3530,16,i5-1335U,Iris Xe,27000.0,Intel,i5,U,Standard,Integrated,,Iris Xe,Standard,Mainstream / Student,80,68,2.0,True,True,True,100.0,False,0.0,33.33333333333333,74.776,Dell,100.0,100.0,70.0,100.0,70.0,80.8,13.0,80.0,68.0,90.07999999999998,Over Budget,Over budget,Good CPU performance,Decent GPU performance,16GB RAM meets the recommended requirement,"['Good CPU performance', 'Decent GPU performance', '16GB RAM meets the recommended requirement', 'Suitable for Data Science & AI, Business & Analytics, Programming']"
,43,Lenovo IdeaPad Slim 3 15IRH10,16,i5-13420H,Intel UHD,27000.0,Intel,i5,H,High,Integrated,,Intel UHD,Basic,Mainstream / Student,85,55,2.0,True,True,True,100.0,False,0.0,33.33333333333333,73.26884615384616,Lenovo,100.0,100.0,85.0,100.0,0.0,78.25,13.0,85.0,55.0,88.43076923076923,Over Budget,Over budget,Strong CPU performance,Basic GPU performance,16GB RAM meets the recommended requirement,"['Strong CPU performance', 'Basic GPU performance', '16GB RAM meets the recommended requirement', 'Suitable for Data Science & AI, Business & Analytics, Programming']"
,44,HP 15-FC,16,Ryzen 5 7530U,Radeon,27500.0,AMD,Ryzen 5,U,Standard,Integrated,,Radeon,Standard,Mainstream / Student,78,68,2.0,True,True,True,100.0,False,0.0,33.33333333333333,74.32000000000001,HP,100.0,100.0,70.0,100.0,70.0,80.0,7.0,78.0,68.0,89.60000000000001,Over Budget,Over budget,Good CPU performance,Decent GPU performance,16GB RAM meets the recommended requirement,"['Good CPU performance', 'Decent GPU performance', '16GB RAM meets the recommended requirement', 'Suitable for Data Science & AI, Business & Analytics, Programming']"
,45,Dell Vostro 3530,16,i5-1335U,Iris Xe,28000.0,Intel,i5,U,Standard,Integrated,,Iris Xe,Standard,Mainstream / Student,80,68,2.0,True,True,True,100.0,False,0.0,33.33333333333333,74.776,Dell,100.0,100.0,70.0,100.0,70.0,80.8,13.0,80.0,68.0,90.07999999999998,Over Budget,Over budget,Good CPU performance,Decent GPU performance,16GB RAM meets the recommended requirement,"['Good CPU performance', 'Decent GPU performance', '16GB RAM meets the recommended requirement', 'Suitable for Data Science & AI, Business & Analytics, Programming']"
,46,Lenovo ThinkBook 16 G6,16,i5-1335U,Iris Xe,28500.0,Intel,i5,U,Standard,Integrated,,Iris Xe,Standard,Mainstream / Student,80,68,2.0,True,True,True,100.0,False,0.0,33.33333333333333,74.776,Lenovo,100.0,100.0,70.0,100.0,70.0,80.8,13.0,80.0,68.0,90.07999999999998,Over Budget,Over budget,Good CPU performance,Decent GPU performance,16GB RAM meets the recommended requirement,"['Good CPU performance', 'Decent GPU performance', '16GB RAM meets the recommended requirement', 'Suitable for Data Science & AI, Business & Analytics, Programming']"
,47,HP ProBook 440 G10,16,i5-1335U,Iris Xe,29000.0,Intel,i5,U,Standard,Integrated,,Iris Xe,Standard,Business / Professional,80,68,2.0,True,True,True,100.0,False,0.0,33.33333333333333,74.776,HP,100.0,100.0,70.0,100.0,70.0,80.8,13.0,80.0,68.0,90.07999999999998,Over Budget,Over budget,Good CPU performance,Decent GPU performance,16GB RAM meets the recommended requirement,"['Good CPU performance', 'Decent GPU performance', '16GB RAM meets the recommended requirement', 'Suitable for Data Science & AI, Business & Analytics, Programming']"
,48,Dell Inspiron 3530,16,i7-1355U,Iris Xe,29500.0,Intel,i7,U,Standard,Integrated,,Iris Xe,Standard,Mainstream / Student,86,68,2.0,True,True,True,100.0,False,0.0,33.33333333333333,76.14399999999999,Dell,100.0,100.0,85.0,100.0,70.0,83.19999999999999,13.0,86.0,68.0,91.52,Over Budget,Over budget,Strong CPU performance,Decent GPU performance,16GB RAM meets the recommended requirement,"['Strong CPU performance', 'Decent GPU performance', '16GB RAM meets the recommended requirement', 'Suitable for Data Science & AI, Business & Analytics, Programming']"
,49,Lenovo IdeaPad Slim 3,16,i7-13620H,Intel UHD,30000.0,Intel,i7,H,High,Integrated,,Intel UHD,Basic,Mainstream / Student,94,55,2.0,True,True,True,100.0,False,0.0,33.33333333333333,75.32084615384615,Lenovo,100.0,100.0,95.0,100.0,0.0,81.85,13.0,94.0,55.0,90.59076923076924,Over Budget,Over budget,Strong CPU performance,Basic GPU performance,16GB RAM meets the recommended requirement,"['Strong CPU performance', 'Basic GPU performance', '16GB RAM meets the recommended requirement', 'Suitable for Data Science & AI, Business & Analytics, Programming']"
,50,HP 15-FD,16,Core Ultra 5 125H,Intel Arc,30500.0,Intel,Core Ultra 5,H,High,Integrated,,Intel Arc,Standard,Mainstream / Student,88,75,2.0,True,True,True,100.0,False,0.0,33.33333333333333,77.839,HP,100.0,100.0,80.0,100.0,70.0,86.45,,88.0,75.0,93.12,Over Budget,Over budget,Strong CPU performance,Good GPU performance,16GB RAM meets the recommended requirement,"['Strong CPU performance', 'Good GPU performance', '16GB RAM meets the recommended requirement', 'Suitable for Data Science & AI, Business & Analytics, Programming']"
,51,Dell Vostro 3530,16,i7-1355U,Iris Xe,31000.0,Intel,i7,U,Standard,Integrated,,Iris Xe,Standard,Mainstream / Student,86,68,2.0,True,True,True,100.0,False,0.0,33.33333333333333,76.14399999999999,Dell,100.0,100.0,85.0,100.0,70.0,83.19999999999999,13.0,86.0,68.0,91.52,Over Budget,Over budget,Strong CPU performance,Decent GPU performance,16GB RAM meets the recommended requirement,"['Strong CPU performance', 'Decent GPU performance', '16GB RAM meets the recommended requirement', 'Suitable for Data Science & AI, Business & Analytics, Programming']"
,52,Lenovo ThinkBook 16 G6,16,i7-13700H,Iris Xe,31500.0,Intel,i7,H,High,Integrated,,Iris Xe,Standard,Mainstream / Student,98,68,2.0,True,True,True,100.0,False,0.0,33.33333333333333,78.88000000000001,Lenovo,100.0,100.0,95.0,100.0,70.0,88.0,13.0,98.0,68.0,94.40000000000002,Over Budget,Over budget,High-end CPU performance,Decent GPU performance,16GB RAM meets the recommended requirement,"['High-end CPU performance', 'Decent GPU performance', '16GB RAM meets the recommended requirement', 'Suitable for Data Science & AI, Business & Analytics, Programming']"
,53,HP ProBook 450 G10,16,i7-1355U,Iris Xe,32000.0,Intel,i7,U,Standard,Integrated,,Iris Xe,Standard,Business / Professional,86,68,2.0,True,True,True,100.0,False,0.0,33.33333333333333,76.14399999999999,HP,100.0,100.0,85.0,100.0,70.0,83.19999999999999,13.0,86.0,68.0,91.52,Over Budget,Over budget,Strong CPU performance,Decent GPU performance,16GB RAM meets the recommended requirement,"['Strong CPU performance', 'Decent GPU performance', '16GB RAM meets the recommended requirement', 'Suitable for Data Science & AI, Business & Analytics, Programming']"
,54,Dell Inspiron 3530,16,i7-1355U,Iris Xe,32000.0,Intel,i7,U,Standard,Integrated,,Iris Xe,Standard,Mainstream / Student,86,68,2.0,True,True,True,100.0,False,0.0,33.33333333333333,76.14399999999999,Dell,100.0,100.0,85.0,100.0,70.0,83.19999999999999,13.0,86.0,68.0,91.52,Over Budget,Over budget,Strong CPU performance,Decent GPU performance,16GB RAM meets the recommended requirement,"['Strong CPU performance', 'Decent GPU performance', '16GB RAM meets the recommended requirement', 'Suitable for Data Science & AI, Business & Analytics, Programming']"
,55,Lenovo IdeaPad Slim 3,16,i7-13620H,UHD,32500.0,Intel,i7,H,High,Integrated,,Intel UHD,Basic,Mainstream / Student,94,55,2.0,True,True,True,100.0,False,0.0,33.33333333333333,75.32084615384615,Lenovo,100.0,100.0,95.0,100.0,0.0,81.85,13.0,94.0,55.0,90.59076923076924,Over Budget,Over budget,Strong CPU performance,Basic GPU performance,16GB RAM meets the recommended requirement,"['Strong CPU performance', 'Basic GPU performance', '16GB RAM meets the recommended requirement', 'Suitable for Data Science & AI, Business & Analytics, Programming']"
,56,HP ProBook 4 G1i,16,Core Ultra 5 225U,Intel Graphics,33000.0,Intel,Core Ultra 5,U,Standard,Integrated,,Intel Graphics,Basic,Business / Professional,82,55,2.0,True,True,True,100.0,False,0.0,22.22222222222222,72.58484615384616,HP,100.0,100.0,80.0,100.0,0.0,77.05000000000001,,82.0,55.0,87.71076923076923,Over Budget,Over budget,Good CPU performance,Basic GPU performance,16GB RAM meets the recommended requirement,"['Good CPU performance', 'Basic GPU performance', '16GB RAM meets the recommended requirement', 'Suitable for Data Science & AI, Business & Analytics, Programming']"
,57,Dell Latitude 5440,16,i5-1335U,Iris Xe,33500.0,Intel,i5,U,Standard,Integrated,,Iris Xe,Standard,Business / Professional,80,68,2.0,True,True,True,100.0,False,0.0,33.33333333333333,74.776,Dell,100.0,100.0,70.0,100.0,70.0,80.8,13.0,80.0,68.0,90.07999999999998,Over Budget,Over budget,Good CPU performance,Decent GPU performance,16GB RAM meets the recommended requirement,"['Good CPU performance', 'Decent GPU performance', '16GB RAM meets the recommended requirement', 'Suitable for Data Science & AI, Business & Analytics, Programming']"
,58,Lenovo ThinkPad E14 Gen 6,16,Core Ultra 5,Intel Graphics,34000.0,Intel,Core Ultra 5,Unknown,Standard,Integrated,,Intel Graphics,Basic,Business / Professional,82,55,2.0,True,True,True,100.0,False,0.0,22.22222222222222,72.58484615384616,Lenovo,100.0,100.0,80.0,100.0,0.0,77.05000000000001,,82.0,55.0,87.71076923076923,Over Budget,Over budget,Good CPU performance,Basic GPU performance,16GB RAM meets the recommended requirement,"['Good CPU performance', 'Basic GPU performance', '16GB RAM meets the recommended requirement', 'Suitable for Data Science & AI, Business & Analytics, Programming']"
,59,HP 15-FD2022ne,16,Core Ultra 7 255U,Intel Graphics,35000.0,Intel,Core Ultra 7,U,Standard,Integrated,,Intel Graphics,Basic,Mainstream / Student,92,55,2.0,True,True,True,100.0,False,0.0,22.22222222222222,74.86484615384616,HP,100.0,100.0,90.0,100.0,0.0,81.05000000000001,,92.0,55.0,90.11076923076924,Over Budget,Over budget,Strong CPU performance,Basic GPU performance,16GB RAM meets the recommended requirement,"['Strong CPU performance', 'Basic GPU performance', '16GB RAM meets the recommended requirement', 'Suitable for Data Science & AI, Business & Analytics, Programming']"
,60,Dell Vostro 3530,16,i7-1355U,Intel UHD,35500.0,Intel,i7,U,Standard,Integrated,,Intel UHD,Basic,Mainstream / Student,86,55,2.0,True,True,True,100.0,False,0.0,22.22222222222222,73.49684615384615,Dell,100.0,100.0,85.0,100.0,0.0,78.65,13.0,86.0,55.0,88.67076923076922,Over Budget,Over budget,Strong CPU performance,Basic GPU performance,16GB RAM meets the recommended requirement,"['Strong CPU performance', 'Basic GPU performance', '16GB RAM meets the recommended requirement', 'Suitable for Data Science & AI, Business & Analytics, Programming']"
,61,Lenovo IdeaPad Slim 3,16,i7-13620H,Intel UHD,36000.0,Intel,i7,H,High,Integrated,,Intel UHD,Basic,Mainstream / Student,94,55,2.0,True,True,True,100.0,False,0.0,33.33333333333333,75.32084615384615,Lenovo,100.0,100.0,95.0,100.0,0.0,81.85,13.0,94.0,55.0,90.59076923076924,Over Budget,Over budget,Strong CPU performance,Basic GPU performance,16GB RAM meets the recommended requirement,"['Strong CPU performance', 'Basic GPU performance', '16GB RAM meets the recommended requirement', 'Suitable for Data Science & AI, Business & Analytics, Programming']"
,62,HP Victus 15,16,Ryzen 5 7535HS,RTX 2050 4GB,36500.0,AMD,Ryzen 5,HS,High,Dedicated,4.0,RTX 2050,Entry Gaming,Gaming / Performance,87,75,2.0,True,True,True,100.0,False,0.0,33.33333333333333,77.611,HP,100.0,100.0,85.0,100.0,85.0,86.05000000000001,7.0,87.0,75.0,92.88,Over Budget,Over budget,Strong CPU performance,Good GPU performance,16GB RAM meets the recommended requirement,"['Strong CPU performance', 'Good GPU performance', '16GB RAM meets the recommended requirement', 'Suitable for Data Science & AI, Business & Analytics, Programming']"
,63,Dell G15 5520,16,i5-12500H,RTX 3050 4GB,37000.0,Intel,i5,H,High,Dedicated,4.0,RTX 3050,Gaming,Gaming / Performance,90,82,2.0,True,True,True,100.0,False,0.0,33.33333333333333,79.53399999999999,Dell,100.0,100.0,85.0,100.0,100.0,89.7,12.0,90.0,82.0,94.71999999999998,Over Budget,Over budget,Strong CPU performance,Strong GPU performance,16GB RAM meets the recommended requirement,"['Strong CPU performance', 'Strong GPU performance', '16GB RAM meets the recommended requirement', 'Suitable for Data Science & AI, Business & Analytics, Programming']"
,64,Lenovo LOQ 15,16,Ryzen 5 7235HS,RTX 3050 6GB,38000.0,AMD,Ryzen 5,HS,High,Dedicated,6.0,RTX 3050,Gaming,Gaming / Performance,85,86,2.0,True,True,True,100.0,False,0.0,33.33333333333333,79.102,Lenovo,100.0,100.0,85.0,100.0,100.0,89.1,7.0,85.0,82.0,94.16,Over Budget,Over budget,Strong CPU performance,Strong GPU performance,16GB RAM meets the recommended requirement,"['Strong CPU performance', 'Strong GPU performance', '16GB RAM meets the recommended requirement', 'Suitable for Data Science & AI, Business & Analytics, Programming']"
,65,HP Victus 15,16,Ryzen 5 7535HS,RTX 3050 6GB,39000.0,AMD,Ryzen 5,HS,High,Dedicated,6.0,RTX 3050,Gaming,Gaming / Performance,87,86,2.0,True,True,True,100.0,False,0.0,33.33333333333333,79.55799999999999,HP,100.0,100.0,85.0,100.0,100.0,89.9,7.0,87.0,82.0,94.64,Over Budget,Over budget,Strong CPU performance,Strong GPU performance,16GB RAM meets the recommended requirement,"['Strong CPU performance', 'Strong GPU performance', '16GB RAM meets the recommended requirement', 'Suitable for Data Science & AI, Business & Analytics, Programming']"
,66,Dell G15 5530,16,i5-13450HX,RTX 3050 6GB,40000.0,Intel,i5,HX,Very High,Dedicated,6.0,RTX 3050,Gaming,Gaming / Performance,94,86,2.0,True,True,True,100.0,False,0.0,33.33333333333333,81.154,Dell,100.0,100.0,90.0,100.0,100.0,92.7,13.0,94.0,82.0,96.32,Over Budget,Over budget,Strong CPU performance,Strong GPU performance,16GB RAM meets the recommended requirement,"['Strong CPU performance', 'Strong GPU performance', '16GB RAM meets the recommended requirement', 'Suitable for Data Science & AI, Business & Analytics, Programming']"
,67,Lenovo LOQ 15,16,i5-12450HX,RTX 3050 6GB,40500.0,Intel,i5,HX,Very High,Dedicated,6.0,RTX 3050,Gaming,Gaming / Performance,88,86,2.0,True,True,True,100.0,False,0.0,33.33333333333333,79.786,Lenovo,100.0,100.0,90.0,100.0,100.0,90.3,12.0,88.0,82.0,94.88,Over Budget,Over budget,Strong CPU performance,Strong GPU performance,16GB RAM meets the recommended requirement,"['Strong CPU performance', 'Strong GPU performance', '16GB RAM meets the recommended requirement', 'Suitable for Data Science & AI, Business & Analytics, Programming']"
,68,HP Victus 15,16,i5-13420H,RTX 3050 6GB,41000.0,Intel,i5,H,High,Dedicated,6.0,RTX 3050,Gaming,Gaming / Performance,85,86,2.0,True,True,True,100.0,False,0.0,33.33333333333333,79.102,HP,100.0,100.0,85.0,100.0,100.0,89.1,13.0,85.0,82.0,94.16,Over Budget,Over budget,Strong CPU performance,Strong GPU performance,16GB RAM meets the recommended requirement,"['Strong CPU performance', 'Strong GPU performance', '16GB RAM meets the recommended requirement', 'Suitable for Data Science & AI, Business & Analytics, Programming']"
,69,Dell G15 5520,16,i7-12700H,RTX 3050 4GB,42000.0,Intel,i7,H,High,Dedicated,4.0,RTX 3050,Gaming,Gaming / Performance,93,82,2.0,True,True,True,100.0,False,0.0,33.33333333333333,80.218,Dell,100.0,100.0,95.0,100.0,100.0,90.9,12.0,93.0,82.0,95.44,Over Budget,Over budget,Strong CPU performance,Strong GPU performance,16GB RAM meets the recommended requirement,"['Strong CPU performance', 'Strong GPU performance', '16GB RAM meets the recommended requirement', 'Suitable for Data Science & AI, Business & Analytics, Programming']"
,70,Lenovo LOQ 15,16,Ryzen 5 7235HS,RTX 4050 6GB,42500.0,AMD,Ryzen 5,HS,High,Dedicated,6.0,RTX 4050,High Gaming,Gaming / Performance,85,95,2.0,True,True,True,100.0,False,0.0,33.33333333333333,80.69500000000001,Lenovo,100.0,100.0,85.0,100.0,100.0,92.25,7.0,85.0,95.0,95.6,Over Budget,Over budget,Strong CPU performance,Excellent GPU performance,16GB RAM meets the recommended requirement,"['Strong CPU performance', 'Excellent GPU performance', '16GB RAM meets the recommended requirement', 'Suitable for Data Science & AI, Business & Analytics, Programming']"
,71,HP Victus 15,16,Ryzen 5 8645HS,RTX 3050 6GB,43000.0,AMD,Ryzen 5,HS,High,Dedicated,6.0,RTX 3050,Gaming,Gaming / Performance,93,86,2.0,True,True,True,100.0,False,0.0,33.33333333333333,80.92599999999999,HP,100.0,100.0,85.0,100.0,100.0,92.3,8.0,93.0,82.0,96.08,Over Budget,Over budget,Strong CPU performance,Strong GPU performance,16GB RAM meets the recommended requirement,"['Strong CPU performance', 'Strong GPU performance', '16GB RAM meets the recommended requirement', 'Suitable for Data Science & AI, Business & Analytics, Programming']"
,72,Dell G15 5530,16,i5-13450HX,RTX 4050 6GB,44000.0,Intel,i5,HX,Very High,Dedicated,6.0,RTX 4050,High Gaming,Gaming / Performance,94,95,2.0,True,True,True,100.0,False,0.0,33.33333333333333,82.747,Dell,100.0,100.0,90.0,100.0,100.0,95.85,13.0,94.0,95.0,97.76,Over Budget,Over budget,Strong CPU performance,Excellent GPU performance,16GB RAM meets the recommended requirement,"['Strong CPU performance', 'Excellent GPU performance', '16GB RAM meets the recommended requirement', 'Suitable for Data Science & AI, Business & Analytics, Programming']"
,73,Lenovo LOQ 15IAX9E,16,i5-12450HX,RTX 4050 6GB,44500.0,Intel,i5,HX,Very High,Dedicated,6.0,RTX 4050,High Gaming,Gaming / Performance,88,95,2.0,True,True,True,100.0,False,0.0,33.33333333333333,81.379,Lenovo,100.0,100.0,90.0,100.0,100.0,93.45,12.0,88.0,95.0,96.32,Over Budget,Over budget,Strong CPU performance,Excellent GPU performance,16GB RAM meets the recommended requirement,"['Strong CPU performance', 'Excellent GPU performance', '16GB RAM meets the recommended requirement', 'Suitable for Data Science & AI, Business & Analytics, Programming']"
,74,HP Victus 15,16,Ryzen 5 8645HS,RTX 4050 6GB,45000.0,AMD,Ryzen 5,HS,High,Dedicated,6.0,RTX 4050,High Gaming,Gaming / Performance,93,95,2.0,True,True,True,100.0,False,0.0,33.33333333333333,82.519,HP,100.0,100.0,85.0,100.0,100.0,95.45,8.0,93.0,95.0,97.52,Over Budget,Over budget,Strong CPU performance,Excellent GPU performance,16GB RAM meets the recommended requirement,"['Strong CPU performance', 'Excellent GPU performance', '16GB RAM meets the recommended requirement', 'Suitable for Data Science & AI, Business & Analytics, Programming']"
,75,Dell G15 5530,16,i7-13650HX,RTX 3050 6GB,45000.0,Intel,i7,HX,Very High,Dedicated,6.0,RTX 3050,Gaming,Gaming / Performance,100,86,2.0,True,True,True,100.0,False,0.0,33.33333333333333,82.52199999999999,Dell,100.0,100.0,100.0,100.0,100.0,95.1,13.0,100.0,82.0,97.76,Over Budget,Over budget,High-end CPU performance,Strong GPU performance,16GB RAM meets the recommended requirement,"['High-end CPU performance', 'Strong GPU performance', '16GB RAM meets the recommended requirement', 'Suitable for Data Science & AI, Business & Analytics, Programming']"
,76,Lenovo LOQ 15,16,Ryzen 7 7435HS,RTX 3050 6GB,45500.0,AMD,Ryzen 7,HS,High,Dedicated,6.0,RTX 3050,Gaming,Gaming / Performance,90,86,2.0,True,True,True,100.0,False,0.0,33.33333333333333,80.24199999999999,Lenovo,100.0,100.0,95.0,100.0,100.0,91.1,7.0,90.0,82.0,95.36,Over Budget,Over budget,Strong CPU performance,Strong GPU performance,16GB RAM meets the recommended requirement,"['Strong CPU performance', 'Strong GPU performance', '16GB RAM meets the recommended requirement', 'Suitable for Data Science & AI, Business & Analytics, Programming']"
,77,HP Victus 15-fa2013dx,8,i5-13420H,RTX 3050 6GB,46449.0,Intel,i5,H,High,Dedicated,6.0,RTX 3050,Gaming,Gaming / Performance,85,86,1.0,True,False,True,66.66666666666666,False,0.0,33.33333333333333,69.352,HP,100.0,100.0,85.0,60.0,100.0,79.1,13.0,85.0,82.0,79.16,Over Budget,Over budget,Strong CPU performance,Strong GPU performance,8GB RAM is below the recommended 16GB,"['Strong CPU performance', 'Strong GPU performance', '8GB RAM is below the recommended 16GB', 'Suitable for Data Science & AI, Business & Analytics, Programming']"
,78,Dell G15 5530,16,i5-13450HX,RTX 4050 6GB,46500.0,Intel,i5,HX,Very High,Dedicated,6.0,RTX 4050,High Gaming,Gaming / Performance,94,95,2.0,True,True,True,100.0,False,0.0,33.33333333333333,82.747,Dell,100.0,100.0,90.0,100.0,100.0,95.85,13.0,94.0,95.0,97.76,Over Budget,Over budget,Strong CPU performance,Excellent GPU performance,16GB RAM meets the recommended requirement,"['Strong CPU performance', 'Excellent GPU performance', '16GB RAM meets the recommended requirement', 'Suitable for Data Science & AI, Business & Analytics, Programming']"
,79,Lenovo LOQ 15IAX9E,8,i5-12450HX,RTX 4050 6GB,47999.0,Intel,i5,HX,Very High,Dedicated,6.0,RTX 4050,High Gaming,Gaming / Performance,88,95,1.0,True,False,True,66.66666666666666,False,0.0,33.33333333333333,71.629,Lenovo,100.0,100.0,90.0,60.0,100.0,83.45,12.0,88.0,95.0,81.32000000000001,Over Budget,Over budget,Strong CPU performance,Excellent GPU performance,8GB RAM is below the recommended 16GB,"['Strong CPU performance', 'Excellent GPU performance', '8GB RAM is below the recommended 16GB', 'Suitable for Data Science & AI, Business & Analytics, Programming']"
,80,HP ProBook 4 G1i,16,Core Ultra 5 225U,Intel Graphics,46999.0,Intel,Core Ultra 5,U,Standard,Integrated,,Intel Graphics,Basic,Business / Professional,82,55,2.0,True,True,True,100.0,False,0.0,22.22222222222222,72.58484615384616,HP,100.0,100.0,80.0,100.0,0.0,77.05000000000001,,82.0,55.0,87.71076923076923,Over Budget,Over budget,Good CPU performance,Basic GPU performance,16GB RAM meets the recommended requirement,"['Good CPU performance', 'Basic GPU performance', '16GB RAM meets the recommended requirement', 'Suitable for Data Science & AI, Business & Analytics, Programming']"
,81,Dell Inspiron 16,16,i7-13620H,Intel UHD,47000.0,Intel,i7,H,High,Integrated,,Intel UHD,Basic,Mainstream / Student,94,55,2.0,True,True,True,100.0,False,0.0,33.33333333333333,75.32084615384615,Dell,100.0,100.0,95.0,100.0,0.0,81.85,13.0,94.0,55.0,90.59076923076924,Over Budget,Over budget,Strong CPU performance,Basic GPU performance,16GB RAM meets the recommended requirement,"['Strong CPU performance', 'Basic GPU performance', '16GB RAM meets the recommended requirement', 'Suitable for Data Science & AI, Business & Analytics, Programming']"
,82,Lenovo IdeaPad Slim 5,16,Ryzen 7 7730U,Radeon,47000.0,AMD,Ryzen 7,U,Standard,Integrated,,Radeon,Standard,Mainstream / Student,82,68,2.0,True,True,True,100.0,False,0.0,33.33333333333333,75.232,Lenovo,100.0,100.0,85.0,100.0,70.0,81.6,7.0,82.0,68.0,90.56,Over Budget,Over budget,Good CPU performance,Decent GPU performance,16GB RAM meets the recommended requirement,"['Good CPU performance', 'Decent GPU performance', '16GB RAM meets the recommended requirement', 'Suitable for Data Science & AI, Business & Analytics, Programming']"
,83,HP Victus 15,16,i7-13620H,RTX 3050 6GB,47500.0,Intel,i7,H,High,Dedicated,6.0,RTX 3050,Gaming,Gaming / Performance,94,86,2.0,True,True,True,100.0,False,0.0,33.33333333333333,81.154,HP,100.0,100.0,95.0,100.0,100.0,92.7,13.0,94.0,82.0,96.32,Over Budget,Over budget,Strong CPU performance,Strong GPU performance,16GB RAM meets the recommended requirement,"['Strong CPU performance', 'Strong GPU performance', '16GB RAM meets the recommended requirement', 'Suitable for Data Science & AI, Business & Analytics, Programming']"
,84,Dell G15 5530,16,i7-13650HX,RTX 4050 6GB,48000.0,Intel,i7,HX,Very High,Dedicated,6.0,RTX 4050,High Gaming,Gaming / Performance,100,95,2.0,True,True,True,100.0,False,0.0,33.33333333333333,84.115,Dell,100.0,100.0,100.0,100.0,100.0,98.25,13.0,100.0,95.0,99.2,Over Budget,Over budget,High-end CPU performance,Excellent GPU performance,16GB RAM meets the recommended requirement,"['High-end CPU performance', 'Excellent GPU performance', '16GB RAM meets the recommended requirement', 'Suitable for Data Science & AI, Business & Analytics, Programming']"
,85,Lenovo LOQ 15ARP9,16,Ryzen 5 7235HS,RTX 4050 6GB,49000.0,AMD,Ryzen 5,HS,High,Dedicated,6.0,RTX 4050,High Gaming,Gaming / Performance,85,95,2.0,True,True,True,100.0,False,0.0,33.33333333333333,80.69500000000001,Lenovo,100.0,100.0,85.0,100.0,100.0,92.25,7.0,85.0,95.0,95.6,Over Budget,Over budget,Strong CPU performance,Excellent GPU performance,16GB RAM meets the recommended requirement,"['Strong CPU performance', 'Excellent GPU performance', '16GB RAM meets the recommended requirement', 'Suitable for Data Science & AI, Business & Analytics, Programming']"
,86,HP Victus 15,16,Ryzen 7 7840HS,RTX 3050 6GB,49000.0,AMD,Ryzen 7,HS,High,Dedicated,6.0,RTX 3050,Gaming,Gaming / Performance,97,86,2.0,True,True,True,100.0,False,0.0,33.33333333333333,81.83800000000001,HP,100.0,100.0,95.0,100.0,100.0,93.9,7.0,97.0,82.0,97.04,Over Budget,Over budget,High-end CPU performance,Strong GPU performance,16GB RAM meets the recommended requirement,"['High-end CPU performance', 'Strong GPU performance', '16GB RAM meets the recommended requirement', 'Suitable for Data Science & AI, Business & Analytics, Programming']"
,87,Dell G15 5530,16,i7-13650HX,RTX 4050 6GB,49500.0,Intel,i7,HX,Very High,Dedicated,6.0,RTX 4050,High Gaming,Gaming / Performance,100,95,2.0,True,True,True,100.0,False,0.0,33.33333333333333,84.115,Dell,100.0,100.0,100.0,100.0,100.0,98.25,13.0,100.0,95.0,99.2,Over Budget,Over budget,High-end CPU performance,Excellent GPU performance,16GB RAM meets the recommended requirement,"['High-end CPU performance', 'Excellent GPU performance', '16GB RAM meets the recommended requirement', 'Suitable for Data Science & AI, Business & Analytics, Programming']"
,88,Lenovo LOQ 15,16,i5-12450HX,RTX 4050 6GB,49999.0,Intel,i5,HX,Very High,Dedicated,6.0,RTX 4050,High Gaming,Gaming / Performance,88,95,2.0,True,True,True,100.0,False,0.0,33.33333333333333,81.379,Lenovo,100.0,100.0,90.0,100.0,100.0,93.45,12.0,88.0,95.0,96.32,Over Budget,Over budget,Strong CPU performance,Excellent GPU performance,16GB RAM meets the recommended requirement,"['Strong CPU performance', 'Excellent GPU performance', '16GB RAM meets the recommended requirement', 'Suitable for Data Science & AI, Business & Analytics, Programming']"
,89,HP Victus 15,16,Ryzen 5 8645HS,RTX 4050 6GB,49999.0,AMD,Ryzen 5,HS,High,Dedicated,6.0,RTX 4050,High Gaming,Gaming / Performance,93,95,2.0,True,True,True,100.0,False,0.0,33.33333333333333,82.519,HP,100.0,100.0,85.0,100.0,100.0,95.45,8.0,93.0,95.0,97.52,Over Budget,Over budget,Strong CPU performance,Excellent GPU performance,16GB RAM meets the recommended requirement,"['Strong CPU performance', 'Excellent GPU performance', '16GB RAM meets the recommended requirement', 'Suitable for Data Science & AI, Business & Analytics, Programming']"
,90,Dell G15,16,i5-13450HX,RTX 4050 6GB,49999.0,Intel,i5,HX,Very High,Dedicated,6.0,RTX 4050,High Gaming,Gaming / Performance,94,95,2.0,True,True,True,100.0,False,0.0,33.33333333333333,82.747,Dell,100.0,100.0,90.0,100.0,100.0,95.85,13.0,94.0,95.0,97.76,Over Budget,Over budget,Strong CPU performance,Excellent GPU performance,16GB RAM meets the recommended requirement,"['Strong CPU performance', 'Excellent GPU performance', '16GB RAM meets the recommended requirement', 'Suitable for Data Science & AI, Business & Analytics, Programming']"
,91,Lenovo LOQ 15ARP9,16,Ryzen 5 7235HS,RTX 4050 6GB,50000.0,AMD,Ryzen 5,HS,High,Dedicated,6.0,RTX 4050,High Gaming,Gaming / Performance,85,95,2.0,True,True,True,100.0,False,0.0,33.33333333333333,80.69500000000001,Lenovo,100.0,100.0,85.0,100.0,100.0,92.25,7.0,85.0,95.0,95.6,Over Budget,Over budget,Strong CPU performance,Excellent GPU performance,16GB RAM meets the recommended requirement,"['Strong CPU performance', 'Excellent GPU performance', '16GB RAM meets the recommended requirement', 'Suitable for Data Science & AI, Business & Analytics, Programming']"
,92,HP Victus 15,16,i5-13420H,RTX 4050 6GB,50000.0,Intel,i5,H,High,Dedicated,6.0,RTX 4050,High Gaming,Gaming / Performance,85,95,2.0,True,True,True,100.0,False,0.0,33.33333333333333,80.69500000000001,HP,100.0,100.0,85.0,100.0,100.0,92.25,13.0,85.0,95.0,95.6,Over Budget,Over budget,Strong CPU performance,Excellent GPU performance,16GB RAM meets the recommended requirement,"['Strong CPU performance', 'Excellent GPU performance', '16GB RAM meets the recommended requirement', 'Suitable for Data Science & AI, Business & Analytics, Programming']"
,93,Dell G15 5530,16,i5-13450HX,RTX 4050 6GB,50000.0,Intel,i5,HX,Very High,Dedicated,6.0,RTX 4050,High Gaming,Gaming / Performance,94,95,2.0,True,True,True,100.0,False,0.0,33.33333333333333,82.747,Dell,100.0,100.0,90.0,100.0,100.0,95.85,13.0,94.0,95.0,97.76,Over Budget,Over budget,Strong CPU performance,Excellent GPU performance,16GB RAM meets the recommended requirement,"['Strong CPU performance', 'Excellent GPU performance', '16GB RAM meets the recommended requirement', 'Suitable for Data Science & AI, Business & Analytics, Programming']"
,94,Lenovo LOQ 15,16,Ryzen 7 7435HS,RTX 4050 6GB,50000.0,AMD,Ryzen 7,HS,High,Dedicated,6.0,RTX 4050,High Gaming,Gaming / Performance,90,95,2.0,True,True,True,100.0,False,0.0,33.33333333333333,81.83500000000001,Lenovo,100.0,100.0,95.0,100.0,100.0,94.25,7.0,90.0,95.0,96.8,Over Budget,Over budget,Strong CPU performance,Excellent GPU performance,16GB RAM meets the recommended requirement,"['Strong CPU performance', 'Excellent GPU performance', '16GB RAM meets the recommended requirement', 'Suitable for Data Science & AI, Business & Analytics, Programming']"
,95,HP Victus 15,16,Ryzen 7 7840HS,RTX 4050 6GB,50000.0,AMD,Ryzen 7,HS,High,Dedicated,6.0,RTX 4050,High Gaming,Gaming / Performance,97,95,2.0,True,True,True,100.0,False,0.0,33.33333333333333,83.43100000000001,HP,100.0,100.0,95.0,100.0,100.0,97.05,7.0,97.0,95.0,98.48,Over Budget,Over budget,High-end CPU performance,Excellent GPU performance,16GB RAM meets the recommended requirement,"['High-end CPU performance', 'Excellent GPU performance', '16GB RAM meets the recommended requirement', 'Suitable for Data Science & AI, Business & Analytics, Programming']"
,96,Dell G15,16,i7-13650HX,RTX 4050 6GB,50000.0,Intel,i7,HX,Very High,Dedicated,6.0,RTX 4050,High Gaming,Gaming / Performance,100,95,2.0,True,True,True,100.0,False,0.0,33.33333333333333,84.115,Dell,100.0,100.0,100.0,100.0,100.0,98.25,13.0,100.0,95.0,99.2,Over Budget,Over budget,High-end CPU performance,Excellent GPU performance,16GB RAM meets the recommended requirement,"['High-end CPU performance', 'Excellent GPU performance', '16GB RAM meets the recommended requirement', 'Suitable for Data Science & AI, Business & Analytics, Programming']"
,97,Lenovo LOQ 15,16,i5-13450HX,RTX 4050 6GB,50000.0,Intel,i5,HX,Very High,Dedicated,6.0,RTX 4050,High Gaming,Gaming / Performance,94,95,2.0,True,True,True,100.0,False,0.0,33.33333333333333,82.747,Lenovo,100.0,100.0,90.0,100.0,100.0,95.85,13.0,94.0,95.0,97.76,Over Budget,Over budget,Strong CPU performance,Excellent GPU performance,16GB RAM meets the recommended requirement,"['Strong CPU performance', 'Excellent GPU performance', '16GB RAM meets the recommended requirement', 'Suitable for Data Science & AI, Business & Analytics, Programming']"
,98,HP Victus 15,16,i7-13620H,RTX 4050 6GB,50000.0,Intel,i7,H,High,Dedicated,6.0,RTX 4050,High Gaming,Gaming / Performance,94,95,2.0,True,True,True,100.0,False,0.0,33.33333333333333,82.747,HP,100.0,100.0,95.0,100.0,100.0,95.85,13.0,94.0,95.0,97.76,Over Budget,Over budget,Strong CPU performance,Excellent GPU performance,16GB RAM meets the recommended requirement,"['Strong CPU performance', 'Excellent GPU performance', '16GB RAM meets the recommended requirement', 'Suitable for Data Science & AI, Business & Analytics, Programming']"
,99,Dell G15,16,Ryzen 7 7840HS,RTX 4050 6GB,50000.0,AMD,Ryzen 7,HS,High,Dedicated,6.0,RTX 4050,High Gaming,Gaming / Performance,97,95,2.0,True,True,True,100.0,False,0.0,33.33333333333333,83.43100000000001,Dell,100.0,100.0,95.0,100.0,100.0,97.05,7.0,97.0,95.0,98.48,Over Budget,Over budget,High-end CPU performance,Excellent GPU performance,16GB RAM meets the recommended requirement,"['High-end CPU performance', 'Excellent GPU performance', '16GB RAM meets the recommended requirement', 'Suitable for Data Science & AI, Business & Analytics, Programming']"
,100,Lenovo LOQ 15,16,Ryzen 7 7435HS,RTX 4050 6GB,50000.0,AMD,Ryzen 7,HS,High,Dedicated,6.0,RTX 4050,High Gaming,Gaming / Performance,90,95,2.0,True,True,True,100.0,False,0.0,33.33333333333333,81.83500000000001,Lenovo,100.0,100.0,95.0,100.0,100.0,94.25,7.0,90.0,95.0,96.8,Over Budget,Over budget,Strong CPU performance,Excellent GPU performance,16GB RAM meets the recommended requirement,"['Strong CPU performance', 'Excellent GPU performance', '16GB RAM meets the recommended requirement', 'Suitable for Data Science & AI, Business & Analytics, Programming']"
